God,20
Walter,4
Browner,4
Check,4
Ein,3
Christmas,3
Jessie,3
Dostoevsky,3
Die,2
Zahnarztpraxis,2
Magen,2
Gesicht,2
Veterans,2
None,2
Jordan Peterson,2
Mom,2
Does,2
Steadman,2
Matthew,2
Yotsuba,2
Alsubei,2
Chukai,2
Fei,2
Pohk,2
Milton,2
Chabon,2
Clay,2
Dosto,2
Tolstoy,2
Blake,2
Longer Human,1
Hamlet,1
Virgil,1
Harry Haller,1
Ivan Fyodorovich Karamazov,1
Pierre,1
Levin Alexy Martin Cunningham,1
Quentin,1
Cornelius Suttree,1
Ignatius Reilly,1
Benjy Compson,1
Dantes,1
Michel,1
Enkidu,1
Ivan,1
Shatov,1
Dav,1
Marquis,1
Sade,1
Aristotle,1
Alexander,1
Ernst Jünger,1
German Idealism,1
Himmler Stalenin Trostskonov,1
Paul Harrison Ringo Mclennon Christopher Mootles Rover,1
Dwell Alone,1
Tag,1
Samstag,1
Uhr,1
Helden,1
Läuten,1
Hurensohn,1
Bastard,1
Bewegung,1
Rührung,1
Mann,1
Punkt,1
Tür,1
Kleiner Hurensohn,1
Blick,1
Fenster,1
Jahr,1
Schrank,1
Flasche,1
Stück Scheiße,1
Plastikflasche,1
Heute,1
Nicht,1
Baum,1
Rest,1
Sonne,1
Nacken,1
Der,1
Sein Auto,1
Straße,1
Tanzstudio,1
Grinsen,1
Schwertfisch,1
Rücken,1
Kopf,1
Gründe,1
Mund,1
Vorzimmer,1
Seine,1
Raum,1
Ananas,1
Boden,1
Wände,1
Decke,1
Stelle,1
Chekov,1
Years,1
Misery,1
Despair,1
Halloween,1
Samurai Jack,1
Star Trek,1
Android,1
Ulysses,1
Gravity,1
Rainbowl,1
Mein Kampf,1
Amanda,1
Steel Pier,1
Don,1
Han Solo,1
Star Wars,1
Anyone,1
Faggot,1
Google Translate,1
Heather,1
La,1
Far,1
Noodles,1
Yeah,1
Leo,1
Cocksucker Blues,1
Third,1
Tommy,1
Joseph Conrad,1
Pandora,1
Lucas,1
Aunt Beth,1
Granpa,1
Pa,1
Third Person Omniscient,1
Cyrus,1
Luck,1
Mark,1
Sembi,1
Fedae,1
Starry,1
Yeshi,1
Anon,1
Robert Walser,1
Hermann Ungar,1
Plz,1
Father,1
Next,1
Objective,1
Jainism,1
Charles Muller,1
Yahweh,1
Allah,1
Bob,1
Jihadism,1
Bible,1
Buddha,1
Jesus,1
Socrates,1
Creator,1
Sky,1
Solar,1
Noah,1
Razor,1
Tantalus,1
Milgram Experiment,1
Dao,1
English,1
Who,1
Evolution,1
Edward Feser,1
Stopped,1
Which,1
Dante,1
Faust,1
Gregor,1
Pray,1
Love,1
Kropotkin,1
Tony Soprano,1
Michael Imperioli,1
Oprah,1
Blake Butler,1
Kavalier,1
Wonder Boys,1
Moonglow,1
Fuck,1
Christ,1
Are,1
Lovecraft,1
Tolkien,1
Eliot,1
Pound,1
Tumblr,1
Starbucks,1
Nabokov,1
Kafka,1
Whitman,1
Emerson,1
